kernel,target,phase,weft,source,ratio,measurement
gemm_f32,V100,prefill,5.879030,,,native-jit-warm
gemv_f32,V100,decode,0.788321,,,native-jit-warm
mul_mat_f32,V100,decode,3.026552,2.861076,1.057837,native-jit-warm
mul_mat_f32,V100,prefill,5.887269,9.356282,0.629232,native-jit-warm
dequantize_row_iq1_m,V100,tensor,,1295.143871,,native-jit-dispatch-bound
dequantize_row_iq1_s,V100,tensor,,1301.412865,,native-jit-dispatch-bound
dequantize_row_iq2_s,V100,tensor,,432.480343,,native-jit-dispatch-bound
dequantize_row_iq2_xs,V100,tensor,,493.109778,,native-jit-dispatch-bound
dequantize_row_iq2_xxs,V100,tensor,,432.551727,,native-jit-dispatch-bound
dequantize_row_iq3_s,V100,tensor,,432.141719,,native-jit-dispatch-bound
dequantize_row_iq3_xxs,V100,tensor,,432.444693,,native-jit-dispatch-bound
dequantize_row_iq4_nl,V100,tensor,,916.483367,,native-jit-dispatch-bound
dequantize_row_iq4_xs,V100,tensor,,917.204762,,native-jit-dispatch-bound
dequantize_row_mxfp4,V100,tensor,,947.455068,,native-jit-dispatch-bound
dequantize_row_nvfp4,V100,tensor,,196.784893,,native-jit-dispatch-bound
dequantize_row_q1_0,V100,tensor,,2622.026678,,native-jit-dispatch-bound
dequantize_row_q2_K,V100,tensor,,1308.069524,,native-jit-dispatch-bound
dequantize_row_q3_K,V100,tensor,,1028.997521,,native-jit-dispatch-bound
dequantize_row_q4_0,V100,tensor,,913.369959,,native-jit-dispatch-bound
dequantize_row_q4_1,V100,tensor,,645.379856,,native-jit-dispatch-bound
dequantize_row_q4_K,V100,tensor,,1057.644242,,native-jit-dispatch-bound
dequantize_row_q5_0,V100,tensor,,1345.846164,,native-jit-dispatch-bound
dequantize_row_q5_1,V100,tensor,,1467.527876,,native-jit-dispatch-bound
dequantize_row_q5_K,V100,tensor,,1251.101868,,native-jit-dispatch-bound
dequantize_row_q6_K,V100,tensor,,556.702194,,native-jit-dispatch-bound
dequantize_row_q8_0,V100,tensor,,640.374144,,native-jit-dispatch-bound
dequantize_row_tq1_0,V100,tensor,,1032.951066,,native-jit-dispatch-bound
dequantize_row_tq2_0,V100,tensor,,1442.692060,,native-jit-dispatch-bound
q4_k_q8_k_gemv,V100,decode,6.215598,,,native-jit-warm
q4_k_q8_k_gemv_groups4,V100,decode,7.378025,,,native-jit-warm
mul_mat_f16,V100,decode,5.330025,5.797491,0.919368,native-jit-warm
mul_mat_f16,V100,prefill,23.180461,26.107401,0.887888,native-jit-warm
mul_mat_iq1_m,V100,decode,3.409500,4.025332,0.847011,native-jit-warm
mul_mat_iq1_m,V100,prefill,2.634046,4.048861,0.650565,native-jit-warm
mul_mat_iq1_s,V100,decode,5.659037,5.314152,1.064899,native-jit-warm
mul_mat_iq1_s,V100,prefill,7.524950,5.307060,1.417913,native-jit-warm
mul_mat_iq2_s,V100,decode,3.064700,2.952722,1.037924,native-jit-warm
mul_mat_iq2_s,V100,prefill,,2.970864,,compile-fail
mul_mat_iq2_s_staged,V100,decode,,2.952722,,compile-fail
mul_mat_iq2_s_staged,V100,prefill,,2.970864,,compile-fail
mul_mat_iq2_xs,V100,decode,4.463097,4.603441,0.969513,native-jit-warm
mul_mat_iq2_xs,V100,prefill,,4.648462,,compile-fail
mul_mat_iq2_xs_staged,V100,decode,,4.603441,,compile-fail
mul_mat_iq2_xs_staged,V100,prefill,,4.648462,,compile-fail
mul_mat_iq2_xxs,V100,decode,4.840946,2.885881,1.677459,native-jit-warm
mul_mat_iq2_xxs,V100,prefill,5.730405,2.906642,1.971486,native-jit-warm
mul_mat_iq2_xxs_staged,V100,decode,2.046198,2.885881,0.709038,native-jit-warm
mul_mat_iq2_xxs_staged,V100,prefill,2.138406,2.906642,0.735696,native-jit-warm
mul_mat_iq3_s,V100,decode,4.253317,3.203020,1.327908,native-jit-warm
mul_mat_iq3_s,V100,prefill,4.533691,3.234289,1.401758,native-jit-warm
mul_mat_iq3_xxs,V100,decode,3.436456,2.258100,1.521835,native-jit-warm
mul_mat_iq3_xxs,V100,prefill,3.605095,2.324414,1.550969,native-jit-warm
mul_mat_iq4_nl,V100,decode,5.187625,5.923586,0.875758,native-jit-warm
mul_mat_iq4_nl,V100,prefill,9.578812,5.935265,1.613881,native-jit-warm
mul_mat_iq4_xs,V100,decode,5.244383,4.493459,1.167115,native-jit-warm
mul_mat_iq4_xs,V100,prefill,5.563351,4.540158,1.225365,native-jit-warm
mul_mat_mxfp4,V100,decode,3.914504,5.509253,0.710533,native-jit-warm
mul_mat_mxfp4,V100,prefill,8.557385,5.586647,1.531757,native-jit-warm
mul_mat_nvfp4,V100,decode,2.493724,0.308651,8.079430,native-jit-warm
mul_mat_nvfp4,V100,prefill,3.348691,0.307967,10.873538,native-jit-warm
mul_mat_q1_0,V100,decode,6.758290,5.668980,1.192153,native-jit-warm
mul_mat_q1_0,V100,prefill,12.441400,5.696645,2.183987,native-jit-warm
mul_mat_q2_K,V100,decode,4.802147,5.531414,0.868159,native-jit-warm
mul_mat_q2_K,V100,prefill,5.098219,5.588141,0.912328,native-jit-warm
mul_mat_q3_K,V100,decode,6.475522,4.133841,1.566466,native-jit-warm
mul_mat_q3_K,V100,prefill,7.052610,5.099611,1.382970,native-jit-warm
mul_mat_q4_0,V100,decode,3.927149,3.788281,1.036657,native-jit-warm
mul_mat_q4_0,V100,prefill,5.345650,3.801935,1.406034,native-jit-warm
mul_mat_q4_1,V100,decode,3.675733,2.942778,1.249069,native-jit-warm
mul_mat_q4_1,V100,prefill,5.574113,2.959247,1.883625,native-jit-warm
mul_mat_q4_K,V100,decode,7.849888,5.157008,1.522179,native-jit-warm
mul_mat_q4_K,V100,prefill,14.062038,5.150888,2.730022,native-jit-warm
mul_mat_q4_K_persistent,V100,decode,8.774466,5.157008,1.701464,native-jit-warm
mul_mat_q4_K_persistent,V100,prefill,9.303434,5.150888,1.806181,native-jit-warm
mul_mat_q4_K_staged,V100,decode,2.018478,5.157008,0.391405,native-jit-warm
mul_mat_q4_K_staged,V100,prefill,14.084949,5.150888,2.734470,native-jit-warm
mul_mat_q5_0,V100,decode,3.682672,3.231275,1.139696,native-jit-warm
mul_mat_q5_0,V100,prefill,10.305652,3.237157,3.183550,native-jit-warm
mul_mat_q5_1,V100,decode,3.126497,2.447093,1.277637,native-jit-warm
mul_mat_q5_1,V100,prefill,6.314479,2.452739,2.574460,native-jit-warm
mul_mat_q5_K,V100,decode,4.165247,2.856303,1.458265,native-jit-warm
mul_mat_q5_K,V100,prefill,6.915827,2.895054,2.388842,native-jit-warm
mul_mat_q6_K,V100,decode,4.406362,5.105221,0.863109,native-jit-warm
mul_mat_q6_K,V100,prefill,5.252976,5.416511,0.969808,native-jit-warm
mul_mat_q8_0,V100,decode,5.107709,4.523994,1.129026,native-jit-warm
mul_mat_q8_0,V100,prefill,8.679485,4.568542,1.899837,native-jit-warm
mul_mat_tq1_0,V100,decode,7.741224,5.866416,1.319583,native-jit-warm
mul_mat_tq1_0,V100,prefill,14.099172,5.920064,2.381591,native-jit-warm
mul_mat_tq2_0,V100,decode,11.844663,10.707671,1.106185,native-jit-warm
mul_mat_tq2_0,V100,prefill,31.841674,10.923759,2.914901,native-jit-warm
quantize_row_q8_0,V100,prefill,,564.325265,,native-jit-dispatch-bound
quantize_row_q8_1,V100,prefill,,479.703030,,native-jit-dispatch-bound
quantize_row_q8_k,V100,prefill,,811.498373,,native-jit-dispatch-bound
iq1_m_q8_K,V100,decode,,4.002039,,native-jit-dispatch-bound
iq1_s_q8_K,V100,decode,,5.277139,,native-jit-dispatch-bound
iq2_s_q8_K,V100,decode,,2.965742,,native-jit-dispatch-bound
iq2_xs_q8_K,V100,decode,,4.642751,,native-jit-dispatch-bound
iq2_xxs_q8_K,V100,decode,,2.903131,,native-jit-dispatch-bound
iq3_s_q8_K,V100,decode,,3.210673,,native-jit-dispatch-bound
iq3_xxs_q8_K,V100,decode,,2.337566,,native-jit-dispatch-bound
iq4_nl_q8_0,V100,decode,,5.939944,,native-jit-dispatch-bound
iq4_xs_q8_K,V100,decode,,4.521973,,native-jit-dispatch-bound
mxfp4_q8_0,V100,decode,,5.555435,,native-jit-dispatch-bound
nvfp4_q8_0,V100,decode,,0.295657,,native-jit-dispatch-bound
q1_0_q8_0,V100,decode,,5.678903,,native-jit-dispatch-bound
q2_K_q8_K,V100,decode,,5.570191,,native-jit-dispatch-bound
q3_K_q8_K,V100,decode,,5.131320,,native-jit-dispatch-bound
q4_0_q8_0,V100,decode,,3.801746,,native-jit-dispatch-bound
q4_1_q8_1,V100,decode,,2.931510,,native-jit-dispatch-bound
q4_K_q8_K,V100,decode,,5.151036,,native-jit-dispatch-bound
q5_0_q8_0,V100,decode,,3.241335,,native-jit-dispatch-bound
q5_1_q8_1,V100,decode,,2.499414,,native-jit-dispatch-bound
q5_K_q8_K,V100,decode,,2.857164,,native-jit-dispatch-bound
q6_K_q8_K,V100,decode,,5.462715,,native-jit-dispatch-bound
q8_0_q8_0,V100,decode,,4.572183,,native-jit-dispatch-bound
tq1_0_q8_K,V100,decode,,5.891432,,native-jit-dispatch-bound
tq2_0_q8_K,V100,decode,,10.861367,,native-jit-dispatch-bound
